{
  "baseline_v2": {
    "features": 15,
    "best_params": {
      "colsample_bytree": 0.8,
      "learning_rate": 0.03,
      "max_depth": 4,
      "min_child_weight": 3,
      "n_estimators": 200,
      "subsample": 0.8
    },
    "cv_logloss": 0.9931,
    "valid_logloss": 0.9902,
    "valid_accuracy": 0.5173,
    "test_logloss": 0.9976,
    "test_accuracy": 0.52,
    "test_f1_weighted": 0.4479,
    "test_f1_macro": 0.3967,
    "classification_report": {
      "Home": {
        "precision": 0.5328083989501312,
        "recall": 0.7825751734772552,
        "f1-score": 0.6339787632729544,
        "support": 1297.0
      },
      "Draw": {
        "precision": 0.3333333333333333,
        "recall": 0.011811023622047244,
        "f1-score": 0.022813688212927757,
        "support": 762.0
      },
      "Away": {
        "precision": 0.502283105022831,
        "recall": 0.5681818181818182,
        "f1-score": 0.5332040717401842,
        "support": 968.0
      },
      "accuracy": 0.5199867855963,
      "macro avg": {
        "precision": 0.45614161243543183,
        "recall": 0.4541893384270403,
        "f1-score": 0.3966655077420221,
        "support": 3027.0
      },
      "weighted avg": {
        "precision": 0.4728320248101819,
        "recall": 0.5199867855963,
        "f1-score": 0.44790090116543485,
        "support": 3027.0
      }
    }
  },
  "europe_v3": {
    "features": 17,
    "best_params": {
      "colsample_bytree": 0.8,
      "learning_rate": 0.03,
      "max_depth": 4,
      "min_child_weight": 5,
      "n_estimators": 200,
      "subsample": 0.8
    },
    "cv_logloss": 0.9928,
    "valid_logloss": 0.9896,
    "valid_accuracy": 0.5194,
    "test_logloss": 0.9982,
    "test_accuracy": 0.5177,
    "test_f1_weighted": 0.4464,
    "test_f1_macro": 0.3953,
    "classification_report": {
      "Home": {
        "precision": 0.5329120589784097,
        "recall": 0.7802621434078643,
        "f1-score": 0.6332916145181476,
        "support": 1297.0
      },
      "Draw": {
        "precision": 0.3448275862068966,
        "recall": 0.013123359580052493,
        "f1-score": 0.025284450063211124,
        "support": 762.0
      },
      "Away": {
        "precision": 0.4959053685168335,
        "recall": 0.5630165289256198,
        "f1-score": 0.5273343009192066,
        "support": 968.0
      },
      "accuracy": 0.5176742649487942,
      "macro avg": {
        "precision": 0.45788167123404655,
        "recall": 0.45213401063784553,
        "f1-score": 0.3953034551668551,
        "support": 3027.0
      },
      "weighted avg": {
        "precision": 0.4737304122593152,
        "recall": 0.5176742649487942,
        "f1-score": 0.4463513638149972,
        "support": 3027.0
      }
    }
  }
}