{
  "baseline_v2": {
    "features": 15,
    "best_params": {
      "colsample_bytree": 0.7,
      "learning_rate": 0.03,
      "max_depth": 4,
      "min_child_weight": 3,
      "n_estimators": 200,
      "subsample": 0.8
    },
    "cv_logloss": 0.9933,
    "test_logloss": 0.997,
    "test_accuracy": 0.5206,
    "test_f1_weighted": 0.4483,
    "test_f1_macro": 0.3964,
    "classification_report": {
      "Home": {
        "precision": 0.5359202936549554,
        "recall": 0.7879722436391673,
        "f1-score": 0.6379525593008739,
        "support": 1297.0
      },
      "Draw": {
        "precision": 0.25,
        "recall": 0.010498687664041995,
        "f1-score": 0.020151133501259445,
        "support": 762.0
      },
      "Away": {
        "precision": 0.5018382352941176,
        "recall": 0.5640495867768595,
        "f1-score": 0.5311284046692607,
        "support": 968.0
      },
      "accuracy": 0.5206475057813016,
      "macro avg": {
        "precision": 0.4292528429830244,
        "recall": 0.45417350602668954,
        "f1-score": 0.3964106991571314,
        "support": 3027.0
      },
      "weighted avg": {
        "precision": 0.45304527011403467,
        "recall": 0.5206475057813016,
        "f1-score": 0.4482695503340065,
        "support": 3027.0
      }
    }
  },
  "europe_v3": {
    "features": 17,
    "best_params": {
      "colsample_bytree": 0.7,
      "learning_rate": 0.03,
      "max_depth": 4,
      "min_child_weight": 3,
      "n_estimators": 200,
      "subsample": 0.8
    },
    "cv_logloss": 0.9931,
    "test_logloss": 0.9976,
    "test_accuracy": 0.5213,
    "test_f1_weighted": 0.4497,
    "test_f1_macro": 0.3986,
    "classification_report": {
      "Home": {
        "precision": 0.5339602925809822,
        "recall": 0.7879722436391673,
        "f1-score": 0.6365618187480536,
        "support": 1297.0
      },
      "Draw": {
        "precision": 0.36666666666666664,
        "recall": 0.014435695538057743,
        "f1-score": 0.027777777777777776,
        "support": 762.0
      },
      "Away": {
        "precision": 0.5032317636195752,
        "recall": 0.5630165289256198,
        "f1-score": 0.5314480741101901,
        "support": 968.0
      },
      "accuracy": 0.5213082259663032,
      "macro avg": {
        "precision": 0.467952907622408,
        "recall": 0.45514148936761495,
        "f1-score": 0.3985958902120072,
        "support": 3027.0
      },
      "weighted avg": {
        "precision": 0.4820201013086497,
        "recall": 0.5213082259663032,
        "f1-score": 0.4496957652202036,
        "support": 3027.0
      }
    }
  },
  "advanced_v4": {
    "features": 33,
    "best_params": {
      "colsample_bytree": 0.7,
      "learning_rate": 0.03,
      "max_depth": 4,
      "min_child_weight": 5,
      "n_estimators": 200,
      "subsample": 0.8
    },
    "cv_logloss": 0.991,
    "test_logloss": 0.9899,
    "test_accuracy": 0.5273,
    "test_f1_weighted": 0.4565,
    "test_f1_macro": 0.4058,
    "classification_report": {
      "Home": {
        "precision": 0.5383411580594679,
        "recall": 0.7956823438704703,
        "f1-score": 0.642190416925949,
        "support": 1297.0
      },
      "Draw": {
        "precision": 0.42857142857142855,
        "recall": 0.01968503937007874,
        "f1-score": 0.037641154328732745,
        "support": 762.0
      },
      "Away": {
        "precision": 0.5106976744186047,
        "recall": 0.5671487603305785,
        "f1-score": 0.5374449339207048,
        "support": 968.0
      },
      "accuracy": 0.5272547076313181,
      "macro avg": {
        "precision": 0.4925367536831671,
        "recall": 0.46083871452370917,
        "f1-score": 0.40575883505846216,
        "support": 3027.0
      },
      "weighted avg": {
        "precision": 0.5018682720223878,
        "recall": 0.5272547076313181,
        "f1-score": 0.456508168611395,
        "support": 3027.0
      }
    }
  }
}