{
  "baseline_v2": {
    "features": 15,
    "best_params": {
      "colsample_bytree": 0.7,
      "learning_rate": 0.03,
      "max_depth": 4,
      "min_child_weight": 3,
      "n_estimators": 200,
      "subsample": 0.8
    },
    "cv_logloss": 0.9933,
    "test_logloss": 0.997,
    "test_accuracy": 0.5206,
    "test_f1_weighted": 0.4483,
    "test_f1_macro": 0.3964,
    "classification_report": {
      "Home": {
        "precision": 0.5359202936549554,
        "recall": 0.7879722436391673,
        "f1-score": 0.6379525593008739,
        "support": 1297.0
      },
      "Draw": {
        "precision": 0.25,
        "recall": 0.010498687664041995,
        "f1-score": 0.020151133501259445,
        "support": 762.0
      },
      "Away": {
        "precision": 0.5018382352941176,
        "recall": 0.5640495867768595,
        "f1-score": 0.5311284046692607,
        "support": 968.0
      },
      "accuracy": 0.5206475057813016,
      "macro avg": {
        "precision": 0.4292528429830244,
        "recall": 0.45417350602668954,
        "f1-score": 0.3964106991571314,
        "support": 3027.0
      },
      "weighted avg": {
        "precision": 0.45304527011403467,
        "recall": 0.5206475057813016,
        "f1-score": 0.4482695503340065,
        "support": 3027.0
      }
    }
  },
  "europe_v3": {
    "features": 17,
    "best_params": {
      "colsample_bytree": 0.7,
      "learning_rate": 0.03,
      "max_depth": 4,
      "min_child_weight": 3,
      "n_estimators": 200,
      "subsample": 0.8
    },
    "cv_logloss": 0.9931,
    "test_logloss": 0.9976,
    "test_accuracy": 0.5213,
    "test_f1_weighted": 0.4497,
    "test_f1_macro": 0.3986,
    "classification_report": {
      "Home": {
        "precision": 0.5339602925809822,
        "recall": 0.7879722436391673,
        "f1-score": 0.6365618187480536,
        "support": 1297.0
      },
      "Draw": {
        "precision": 0.36666666666666664,
        "recall": 0.014435695538057743,
        "f1-score": 0.027777777777777776,
        "support": 762.0
      },
      "Away": {
        "precision": 0.5032317636195752,
        "recall": 0.5630165289256198,
        "f1-score": 0.5314480741101901,
        "support": 968.0
      },
      "accuracy": 0.5213082259663032,
      "macro avg": {
        "precision": 0.467952907622408,
        "recall": 0.45514148936761495,
        "f1-score": 0.3985958902120072,
        "support": 3027.0
      },
      "weighted avg": {
        "precision": 0.4820201013086497,
        "recall": 0.5213082259663032,
        "f1-score": 0.4496957652202036,
        "support": 3027.0
      }
    }
  },
  "advanced_v4": {
    "features": 33,
    "best_params": {
      "colsample_bytree": 0.7,
      "learning_rate": 0.03,
      "max_depth": 4,
      "min_child_weight": 3,
      "n_estimators": 200,
      "subsample": 0.8
    },
    "cv_logloss": 0.9913,
    "test_logloss": 0.9919,
    "test_accuracy": 0.5206,
    "test_f1_weighted": 0.4458,
    "test_f1_macro": 0.3937,
    "classification_report": {
      "Home": {
        "precision": 0.5336487907465826,
        "recall": 0.7825751734772552,
        "f1-score": 0.6345733041575492,
        "support": 1297.0
      },
      "Draw": {
        "precision": 0.5555555555555556,
        "recall": 0.006561679790026247,
        "f1-score": 0.01297016861219196,
        "support": 762.0
      },
      "Away": {
        "precision": 0.4982078853046595,
        "recall": 0.5743801652892562,
        "f1-score": 0.5335892514395394,
        "support": 968.0
      },
      "accuracy": 0.5206475057813016,
      "macro avg": {
        "precision": 0.5291374105355992,
        "recall": 0.4545056728521792,
        "f1-score": 0.3937109080697601,
        "support": 3027.0
      },
      "weighted avg": {
        "precision": 0.527829880378778,
        "recall": 0.5206475057813016,
        "f1-score": 0.4458008719419576,
        "support": 3027.0
      }
    }
  }
}